{"JSASQC6D8D": 0.23319327731092435, "XxXxQC6D8D": 0.5611244497799119, "JSASQC6D8D8C": 0.17817126850740297, "XxXxQC6D8D8C": 0.3370348139255703, "JSASQC6D8D8C9H": 0.052320928371348545, "XxXxQC6D8D8C9H": 0.7548019207683073, "7H4D7D3DAC": 0.39015606242497, "XxXx7D3DAC": 0.7457983193277311, "7H4D7D3DAC4H": 0.5864345738295318, "XxXx7D3DAC4H": 0.43527410964385754, "7H4D7D3DAC4HJC": 0.6537615046018407, "XxXx7D3DAC4HJC": 0.0032012805122048817, "5DAH4H8D6D": 0.28811524609843936, "XxXx4H8D6D": 0.5190076030412164, "5DAH4H8D6D9C": 0.11954781912765106, "XxXx4H8D6D9C": 0.35884353741496594, "5DAS6H9SAD": 0.5649259703881553, "XxXx6H9SAD": 0.09123649459783913, "5DAS6H9SAD7C": 0.4878951580632253, "XxXx6H9SAD7C": 0.5186074429771909, "5DAS6H9SAD7CQC": 0.4765906362545018, "XxXx6H9SAD7CQC": 0.005702280912364945, "9CJH6DAH6H": 0.19887955182072828, "XxXx6DAH6H": 0.1496598639455782, "9CJH6DAH6HAC": 0.1844737895158063, "XxXx6DAH6HAC": 0.13935574229691874, "9CJH6DAH6HAC4H": 0.1371548619447779, "XxXx6DAH6HAC4H": 0.10284113645458183, "KHJH8S2S2D": 0.22799119647859145, "XxXx8S2S2D": 0.49099639855942373, "KHJH8S2S2DQC": 0.1211484593837535, "XxXx8S2S2DQC": 0.7606042416966786, "JD8SACAS4H": 0.16906762705082035, "XxXxACAS4H": 0.14495798319327732, "JD8SACAS4H5S": 0.1017406962785114, "XxXxACAS4H5S": 0.2970188075230092, "3C5C2S8HQC": 0.12615046018407364, "4HJS2C9CJH": 0.4842937174869948, "XxXx2C9CJH": 0.10954381752701081, "4HJS2C9CJHJD": 0.7470988395358144, "XxXx2C9CJHJD": 0.07783113245298119, "4HJS2C9CJHJD2S": 0.9359743897559024, "XxXx2C9CJHJD2S": 0.0746298519407763, "AC6D3HJD4C": 0.17557022809123649, "XxXx3HJD4C": 0.30742296918767503, "AC6D3HJD4C2S": 0.12785114045618248, "XxXx3HJD4C2S": 0.6698679471788714, "KCASQD2H3H": 0.2653061224489796, "XxXxQD2H3H": 0.1360544217687075, "KCASQD2H3HQS": 0.1912765106042417, "XxXxQD2H3HQS": 0.08263305322128851, "KCASQD2H3HQS8D": 0.0740296118447379, "XxXxQD2H3HQS8D": 0.6874749899959984, "2S9CJH9DKS": 0.3104241696678671, "XxXxJH9DKS": 0.2609043617446979, "2S9CJH9DKS4C": 0.2635054021608643, "XxXxJH9DKS4C": 0.016906762705082033, "2S9CJH9DKS4C9H": 0.7616046418567427, "XxXxJH9DKS4C9H": 0.011904761904761904, "XxXx2S8HQC": 0.4661864745898359, "3HJC6D8D4C": 0.13905562224889956, "XxXx6D8D4C": 0.41306522609043617, "3S4C5D9S8C": 0.06222488995598239, "XxXx5D9S8C": 0.4146658663465386, "2D5CKCAS3D": 0.19647859143657465, "XxXxKCAS3D": 0.10304121648659464, "2D5CKCAS3DKD": 0.11754701880752301, "XxXxKCAS3DKD": 0.8014205682272909, "3S9SQCJC3D": 0.3108243297318927, "XxXxQCJC3D": 0.33853541416566624, "3S9SQCJC3D7H": 0.2000800320128051, "XxXxQCJC3D7H": 0.10484193677470988, "3S9SQCJC3D7HJH": 0.12865146058423368, "XxXxQCJC3D7HJH": 0.0037014805922368946, "7HJD4H6DAD": 0.1949779911964786, "XxXx4H6DAD": 0.5566226490596239, "7HJD4H6DADJC": 0.3854541816726691, "XxXx4H6DADJC": 0.07042817126850741, "7HJD4H6DADJCKC": 0.1995798319327731, "XxXx4H6DADJCKC": 0.02981192476990796, "8HJC5CKSJH": 0.44377751100440177, "XxXx5CKSJH": 0.1134453781512605, "8HJC5CKSJHQH": 0.2777110844337735, "XxXx5CKSJHQH": 0.5943377350940376, "8HJC5CKSJHQH7D": 0.19867947178871548, "XxXx5CKSJHQH7D": 0.004501800720288115, "JCKC7CQCQH": 0.49919967987194874, "XxXx7CQCQH": 0.638655462184874, "JCKC7CQCQH4H": 0.33123249299719887, "XxXx7CQCQH4H": 0.1211484593837535, "JCKC7CQCQH4HJS": 0.5328131252501, "XxXx7CQCQH4HJS": 0.5590236094437775, "KD9H7S4D3S": 0.1919767907162865, "XxXx7S4D3S": 0.13125250100040017, "KD9H7S4D3SAS": 0.2184873949579832, "XxXx7S4D3SAS": 0.48969587835134054, "KD9H7S4D3SAS9D": 0.3713485394157663, "XxXx7S4D3SAS9D": 0.45858343337334934, "4S5S2D8CAC": 0.22779111644657865, "XxXx2D8CAC": 0.1367547018807523, "4S5S2D8CAC6H": 0.16976790716286516, "XxXx2D8CAC6H": 0.3681472589035614, "4S5S2D8CAC6H8S": 0.0, "XxXx2D8CAC6H8S": 0.2871148459383754, "9HKSQH8H7H": 0.4810924369747899, "XxXxQH8H7H": 0.28481392557022805, "9HKSQH8H7H3D": 0.31562625050020005, "XxXxQH8H7H3D": 0.29491796718687474, "9HKSQH8H7H3DQS": 0.0977390956382553, "XxXxQH8H7H3DQS": 0.2661064425770308, "9D8SAS5HJC": 0.11484593837535013, "XxXxAS5HJC": 0.42096838735494196, "3H3DJHQHAH": 0.4493797519007603, "XxXxJHQHAH": 0.4586834733893557, "3H3DJHQHAH5H": 0.6665666266506602, "XxXxJHQHAH5H": 0.6876750700280113, "3H3DJHQHAH5HJC": 0.5902360944377751, "XxXxJHQHAH5HJC": 0.41586634653861543, "4HJS4S5CKD": 0.2966186474589836, "XxXx4S5CKD": 0.12154861944777912, "4HJS4S5CKD7S": 0.18027210884353742, "XxXx4S5CKD7S": 0.043817527010804325, "4HJS4S5CKD7S6C": 0.009403761504601841, "XxXx4S5CKD7S6C": 0.6020408163265306, "8D4H6CQCQD": 0.14775910364145659, "XxXx6CQCQD": 0.31092436974789917, "AH6H6D5H6S": 0.820828331332533, "XxXx6D5H6S": 0.17036814725890356, "AH6H6D5H6SQH": 0.8466386554621849, "XxXx6D5H6SQH": 0.3161264505802321, "AH6H6D5H6SQH2H": 0.8418367346938775, "XxXx6D5H6SQH2H": 0.2786114445778311, "9D6D4CACQS": 0.12214885954381753, "XxXx4CACQS": 0.15156062424969988, "JCAH6C4SJH": 0.5938375350140056, "XxXx6C4SJH": 0.23249299719887953, "JCAH6C4SJHQC": 0.4546818727490996, "XxXx6C4SJHQC": 0.08813525410164065, "JCAH6C4SJHQC5H": 0.3626450580232093, "XxXx6C4SJHQC5H": 0.08133253301320528, "8D9HJC6C4H": 0.1600640256102441, "XxXxJC6C4H": 0.17617046818727491, "8D9HJC6C4H2H": 0.07452981192476991, "XxXxJC6C4H2H": 0.29911964785914363, "JS5SQD8C7D": 0.14535814325730292, "XxXxQD8C7D": 0.18097238895558224, "3SQD7S8D6S": 0.15426170468187275, "XxXx7S8D6S": 0.32222889155662265, "3SQD7S8D6SAD": 0.06552621048419367, "XxXx7S8D6SAD": 0.16826730692276912, "QS7HKD4D9H": 0.16166466586634654, "XxXxKD4D9H": 0.48069227691076427, "QS7HKD4D9HKH": 0.13595438175270108, "XxXxKD4D9HKH": 0.929171668667467, "AD6HJC2CKH": 0.20618247298919568, "XxXxJC2CKH": 0.11354541816726692, "AD6HJC2CKH2H": 0.1522609043617447, "XxXxJC2CKH2H": 0.7797118847539015, "AD6HJC2CKH2H3D": 0.06782713085234093, "XxXxJC2CKH2H3D": 0.011904761904761904, "QSAH4SAS6S": 0.7445978391356544, "XxXx4SAS6S": 0.32683073229291715, "QSAH4SAS6S3D": 0.6208483393357344, "XxXx4SAS6S3D": 0.7445978391356544, "QSAH4SAS6S3D6H": 0.49129651860744294, "XxXx4SAS6S3D6H": 0.7215886354541817, "QCKS3H9CJD": 0.3209283713485394, "XxXx3H9CJD": 0.13205282112845138, "QCKS3H9CJD7H": 0.1876750700280112, "XxXx3H9CJD7H": 0.10064025610244098, "QCKS3H9CJD7H4H": 0.08343337334933974, "XxXx3H9CJD7H4H": 0.1784713885554222, "4DJD2H9DKD": 0.46258503401360546, "XxXx2H9DKD": 0.23319327731092435, "4DJD2H9DKD3S": 0.26260504201680673, "XxXx2H9DKD3S": 0.39665866346538614, "4DJD2H9DKD3S4H": 0.18777511004401762, "XxXx2H9DKD3S4H": 0.6763705482192877, "5H8SJC9C3D": 0.12985194077631051, "XxXxJC9C3D": 0.16936774709883953, "QD6C8D5H5D": 0.21308523409363744, "XxXx8D5H5D": 0.7586034413765507, "QD6C8D5H5DJC": 0.07723089235694278, "XxXx8D5H5DJC": 0.15286114445778312, "8DKHKD2DAS": 0.49749899959983995, "XxXxKD2DAS": 0.14005602240896356, "8DKHKD2DAS4D": 0.49979991996798717, "XxXxKD2DAS4D": 0.1912765106042417, "8DKHKD2DAS4D7D": 0.6979791916766707, "XxXxKD2DAS4D7D": 0.4314725890356142, "QC2H2S8CAC": 0.3502400960384154, "XxXx2S8CAC": 0.320828331332533, "QC2H2S8CAC4H": 0.19917967186874752, "XxXx2S8CAC4H": 0.051620648259303716, "QC2H2S8CAC4H9S": 0.06142456982793117, "XxXx2S8CAC4H9S": 0.3386354541816727, "AD6CQD3H8D": 0.2226890756302521, "XxXxQD3H8D": 0.3104241696678672, "AD6CQD3H8D8S": 0.1566626650660264, "XxXxQD3H8D8S": 0.07062825130052021, "AD6CQD3H8D8S2C": 0.047819127651060424, "XxXxQD3H8D8S2C": 0.2448979591836735, "4SKHQSJHJD": 0.179671868747499, "XxXxQSJHJD": 0.20928371348539418, "4SKHQSJHJD2D": 0.11854741896758703, "XxXxQSJHJD2D": 0.06082432973189276, "7H5SJS3H2D": 0.10694277711084434, "XxXxJS3H2D": 0.3175270108043217, "9SKDJHKC7S": 0.5849339735894358, "XxXxJHKC7S": 0.5117046818727491, "9SKDJHKC7S2S": 0.5663265306122449, "XxXxJHKC7S2S": 0.7616046418567427, "9SKDJHKC7S2S9C": 0.8389355742296919, "XxXxJHKC7S2S9C": 0.007903161264505803, "KC2S2H4CAS": 0.28281312525010005, "XxXx2H4CAS": 0.2184873949579832, "KC2S2H4CASJS": 0.19647859143657465, "XxXx2H4CASJS": 0.10954381752701081, "KC2S2H4CASJS8D": 0.06842737094837935, "XxXx2H4CASJS8D": 0.04251700680272109, "AC4S7DJC9H": 0.1404561824729892,